"ID",Original Title (EN),Translated Title (SK),Quality Score (1-10),Manual Fix Needed?,Better Translation,Category,Prep Time (min),Servings,Calories,Protein (g),Carbs (g),Fat (g),Fiber (g),Ingredients (EN),Ingredients (SK),Instructions,Description,Diets,Cuisines,Dish Types,Image URL,Source URL
945221,Watching What I Eat: Peanut Butter Banana Oat Breakfast Cookies with Carob / Chocolate Chips,Watching What I Eat: Peanut maslo Banana Oat Breakfast Cookies with Carob / Chocolate Chips,,YES - URGENT,,ranajky,45,16,103,4,11,5,1,"2 ripe bananas, mashed until smooth & creamy; 1 tsp butter flavor extract ** (optional); 1/4 cup carob or chocolate chips (**optional); 1/3 cup peanut butter - creamy or chunky; 1/4 cup chopped nuts (peanut, walnut, or your favorite); 1 1/2 cups quick oatmeal - uncooked (or use old fashioned oats for more oatmeal texture); 2/3 cup unsweetened applesauce; 1 tsp vanilla extract",bananas (2 ); maslo flavor shortening (1 tsp); chocolate chips (0.25 cup); creamy peanut maslo (0.33333334 cup); nuts (0.25 cup); oatmeal (1.5 cups); unsweetened applesauce (0.6666667 cup); vanilla extract (1 tsp),"Preheat heat oven to 350 degrees.In a large bowl, mix mashed banana & peanut butter until completely combined then add in the applesauce, vanilla protein powder & the extract(s) ~ mix again until all are completely combined.Add in the oatmeal & nuts to the banana mixture & combine. (** add the optional carob / chocolate chips at this time if you want them mixed throughout)Let dough rest for 10 minutes.Drop cookie dough, by spoonfuls, onto a parchment paper lined cookie sheet & flatten cookies in","If you want to add more gluten free and dairy free recipes to your repertoire, Watching What I Eat: Peanut Butter Bananan Oat Breakfast Cookies with C","gluten free, dairy free",,"morning meal, brunch, breakfast",https://img.spoonacular.com/recipes/945221-556x370.jpg,http://watching-what-i-eat.blogspot.com/2012/06/peanut-butter-banana-oat-breakfast.html
715569,Strawberry Cheesecake Chocolate Crepes,Strawberry Cheesecake Chocolate Crepes,,,,ranajky,40,4,618,16,56,38,4,8 oz cream cheese; 1 1/4 cup diced strawberries; 1 tsp vanilla extract; 1 tsp lemon juice; 2 tbsp granulated sugar; 1 1/2 cups all-purpose flour; 1/4 cup cocoa powder unsweetened; 1/8 tsp kosher salt,cream syr (8 oz); strawberries (1.25 cup); vanilla extract (1 tsp); lemon juice (1 tsp); granulated cukor (2 tbsp); múka (1.5 cups); cocoa powder (0.25 cup); kosher soľ (0.125 tsp),"Instructions

How to Make Strawberry Creme Cheese Filling

Add cream cheese, strawberries, vanilla extract, lemon juice, and granulated sugar into a medium-sized mixing bowl.

Use a hand mixer, wooden spoon, or spatula to mix ingredients.

Mix until smooth.

Set aside.

How to Blend Chocolate Crepes Ingredients

Combine flour, sugar, cocoa powder, salt, and eggs to a food processor or blender.

If using a food processor, keep it running as you add milk and water. Continue to pulse intil blended ",Need a lacto ovo vegetarian breakfast? Strawberry Cheesecake Chocolate Crepes could be an excellent recipe to try. This recipe serves 4. One portion o,lacto ovo vegetarian,"Mediterranean, French, European","morning meal, dessert, brunch, breakfast",https://img.spoonacular.com/recipes/715569-556x370.jpg,https://www.pinkwhen.com/strawberry-cheesecake-chocolate-crepes/
775666,Easy Homemade Apple Fritters,Easy Homemade Apple Fritters,,,,ranajky,30,12,148,2,34,1,1,1 cup all purpose flour; 1 cup chopped apple; 1 1/2 teaspoons baking powder; 1 teaspoon cinnamon; 1 egg; 1/3 cup milk; 1 1/2 tablespoons milk; 2 cups powdered sugar,all purpose múka (1 cup); apple (1 cup); baking powder (1.5 teaspoons); cinnamon (1 teaspoon); egg (1 ); mlieko (0.33333334 cup); mlieko (1.5 tablespoons); powdered cukor (2 cups),"Combine flour, sugar, salt, baking powder, cinnamon. Stir in milk and egg until just combined. Fold in apple. Pour oil into skillet so that it is approximately 1 1/2 deep. Heat oil on high. Oil is ready when a little dough thrown in floats to top. Carefully add dough to oil in heaping teaspoons. Cook until brown, about 2 minutes, then flip. Cook another 1-2 minutes, until both sides are browned. Transfer briefly to paper towels to absorb excess oil, then transfer to cooling rack. Make glaze by s","Easy Homemade Apple Fritters might be just the breakfast you are searching for. One portion of this dish contains approximately 2g of protein, 1g of f",lacto ovo vegetarian,,"morning meal, brunch, breakfast",https://img.spoonacular.com/recipes/775666-556x370.jpg,https://www.recipeoftoday.com/2015/05/easy-homemade-apple-fritters.html?m=1
716432,Finger Foods: Frittata Muffins,Finger Foods: Frittata Muffins,,,,ranajky,45,1,655,49,13,45,4,"3/4 cup chopped, cooked broccoli; 2 T chopped chives; 1 + 2 T cream or whole milk; 6 eggs; 1/3 cup minced orange pepper; salt and pepper; 1/2 cup shredded cheddar cheese; 1/3 cup seeded, chopped tomato",broccoli (0.75 cup); chives (2 T); t cream (1 ); vajcia (6 ); orange korenie (0.33333334 cup); soľ and korenie (1 serving); cheddar syr (0.5 cup); rajčina (0.33333334 cup),,"Finger Foods: Frittata Muffins might be a good recipe to expand your breakfast repertoire. This recipe makes 1 servings with 655 calories, 50g of prot","gluten free, lacto ovo vegetarian, primal, ketogenic",,"morning meal, brunch, breakfast",https://img.spoonacular.com/recipes/716432-556x370.jpg,https://fullbellysisters.blogspot.com/2014/05/finger-foods-frittata-muffins.html
639637,Classic scones,Classic scones,,,,ranajky,45,4,398,9,61,13,2,"3/4 cup milk; 2 cups self raising flour; strawberry jam and cream, for serving; 50g unsalted butter, softened",mlieko (0.75 cup); self raising múka (2 cups); strawberry jam and cream (4 servings); maslo (50 g),"Using fingertips, rub butter into flour until mixture resembles fine breadcrumbs.Make a well in the centre of the dry ingredients and add milk, stirring with a metal spatula or butter knife until mixture comes away from the sides of the bowl. If mixture is dry, add a little extra milk.Turn mixture onto a lightly floured bench and bring the dough together until a rough ball of dough is formed. Do not over-knead. Pat dough to 2 cm thickness. With a clean knife, quarter the dough or use a round cut","You can never have too many European recipes, so give Classic scones a try. This breakfast has 398 calories, 9g of protein, and 13g of fat per serving",lacto ovo vegetarian,"English, British, Scottish, European","morning meal, brunch, breakfast",https://img.spoonacular.com/recipes/639637-556x370.jpg,https://www.foodista.com/recipe/8R27PR6L/classic-scones
716276,Doughnuts,Doughnuts,,,,ranajky,45,2,430,11,91,2,3,1.5 cups of flour; 30 ml honey; 1 tablespoon of powdered milk; 1/2 teaspoon salt; 150 ml warm water; 1 teaspoon yeast,múka (1.5 cups); honey (30 ml); powdered mlieko (1 tablespoon); soľ (0.5 teaspoon); warm water (150 ml); yeast (1 teaspoon),"In a bowl mix the water with the yeast and honey, whisk and allow to sit for 15 minutes or until the mixture is foamy.Mix the flour with the salt and powdered milk and pour the yeast mixture into the bowl.Knead the dough till its elastic and not sticky and cover and leave to double in size. This could take 1-2 hours.On a lightly floured surface, roll out your dough but not to thin so your doughnuts are not flat and cut the dough into circles. If You have a doughnut cutter use that, if not use a ","If you have around 45 minutes to spend in the kitchen, Doughnuts might be an amazing lacto ovo vegetarian recipe to try. For 68 cents per serving, you",lacto ovo vegetarian,,"morning meal, brunch, breakfast",https://img.spoonacular.com/recipes/716276-556x370.jpg,https://www.afrolems.com/2014/03/25/doughnuts-recipe/
716417,Strawberry Shortcake w. Mini Strawberry PopTarts,Strawberry Shortcake w. Mini Strawberry PopTarts,,,,ranajky,45,4,306,4,45,13,4,"1 Tbs + 1 cup heavy whipping cream; 1 pie crust dough, homemade or store-bought; pinch of sea salt; 1 lb. strawberries (I always get Driscoll's organic—yes, even when I'm not writing about Driscoll's); 1/4 cup strawberry jam; 1 tsp + 2 tsp vanilla sugar (or plain sugar)",cup heavy whipping cream (1 Tbs); pie crust dough (1 ); sea soľ (1 pinch); strawberries (1 lb); strawberry jam (0.25 cup); tsp vanilla cukor (1 tsp),,Strawberry Shortcake w. Mini Strawberry PopTarts takes around 45 minutes from beginning to end. This recipe serves 4. One portion of this dish contain,,,"morning meal, brunch, breakfast",https://img.spoonacular.com/recipes/716417-556x370.jpg,https://fullbellysisters.blogspot.com/2014/06/strawberry-shortcake-w-mini-strawberry.html
632928,Asparagus Eggs Benedict,Asparagus vajcia Benedict,,,,ranajky,30,2,780,35,31,57,3,"12 thin asparagus spears, (about 4 ounces); 1/3 cup butter; 1 pinch cayenne pepper; 3 large egg yolks; 4 large eggs; 2 English muffins; 4 slices ham; 1 tablespoon fresh lemon juice",asparagus spears (4 ounces); maslo (0.33333334 cup); cayenne korenie (1 pinch); egg yolks (3 large); vajcia (4 large); muffins (2 ); ham (4 slices); lemon juice (1 tablespoon),"Fill a medium saucepan or wide deep skillet 3/4 full with hot tap water.Bring to a boil over high heat. Reduce heat to maintain a gentle boil. Trim off and discard woody ends of asparagus. Place asparagus in shallow microwave-safe casserole dish, cover with vented plastic wrap, and cook at HIGH power 1-1/2 to 2-1/2 minutes or until asparagus are crisp-tender.Cover tightly; set aside in a warm place.Break whole eggs, one at a time, into a small dish. Slip eggs into simmering water. Cook about 3 m","Asparagus Eggs Benedict takes approximately 30 minutes from beginning to end. This recipe makes 2 servings with 780 calories, 35g of protein, and 57g ",,,"morning meal, brunch, breakfast",https://img.spoonacular.com/recipes/632928-556x370.jpg,https://www.foodista.com/recipe/SZT38TKR/asparagus-eggs-benedict
794350,Cherry Coconut Milk Smoothie,Cherry Coconut mlieko Smoothie,,,,ranajky,45,2,305,4,38,17,5,"1 frozen banana, sliced (2/3 cup frozen slices); 2 cups fresh cherries, pitted; 2/3 cup coconut milk; 1/3 cup almond or hemp milk, or more as needed; 1 teaspoon vanilla",banana (1 ); cherries (2 cups); coconut mlieko (0.6666667 cup); hemp mlieko (0.33333334 cup); vanilla (1 teaspoon),"Combine all of the ingredients in a blender and process until smooth. Add a bit more almond or hemp milk if the mixture is too thick.Tip: To freeze bananas for smoothies, peel the banana and cut into slices. Place the slices on a baking sheet lined with parchment paper and freeze. Once frozen, transfer to a freezer-friendly container or freezer bag. The bananas will freeze well for up to 4 to 6 months.","Cherry Coconut Milk Smoothie is a gluten free, dairy free, paleolithic, and lacto ovo vegetarian recipe with 2 servings. One portion of this dish cont","gluten free, dairy free, paleolithic, lacto ovo vegetarian, primal, vegan",,"morning meal, brunch, beverage, breakfast, drink",https://img.spoonacular.com/recipes/794350-556x370.jpg,https://www.foodandspice.com/2016/07/cherry-coconut-milk-smoothie.html
716407,Simple Whole Wheat Crepes,Simple Whole Wheat Crepes,,,,ranajky,45,4,272,10,27,14,3,"3 Tablespoons butter, melted; 3 eggs; 1 Tablespoon maple syrup (optional); 1 cup milk; pinch of sea salt; 1 cup white whole wheat flour",maslo (3 Tablespoons); vajcia (3 ); maple syrup (1 Tablespoon); mlieko (1 cup); sea soľ (1 pinch); múka (1 cup),"Place all ingredients in a blender and mix until smooth. The batter should be thin. Let it sit at least 30 minutes—or even overnight.When it comes time to cook your crêpes you can do it the traditional way, in a crêpe pan, or you can use an electric crêpe maker.","Simple Whole Wheat Crepes might be just the breakfast you are searching for. This recipe makes 4 servings with 272 calories, 10g of protein, and 14g o",lacto ovo vegetarian,"Mediterranean, French, European","morning meal, dessert, brunch, breakfast",https://img.spoonacular.com/recipes/716407-556x370.jpg,https://fullbellysisters.blogspot.com/2014/11/simple-whole-wheat-crepes.html
716379,Chocolate Coconut Banana Bread,Chocolate Coconut Banana Bread,,,,ranajky,45,20,320,4,58,9,2,2 2/3 cups of all purpose Flour; 1/2 teaspoon Baking Powder; 1/4 teaspoon Baking Soda; 4 Ripe Bananas; 9 tablespoon of Softened Butter; 1/2 cup of Coconut flakes; 4 Eggs; A pinch of Salt,all purpose múka (2.6666667 cups); baking powder (0.5 teaspoon); baking soda (0.25 teaspoon); bananas (4 ); maslo (9 tablespoon); coconut flakes (0.5 cup); vajcia (4 ); soľ (1 pinch),Combine the wet ingredients in a bowl.Combine the dry ingredients in a separate bowl except the coconut flakes and chocolate chips.Pre-heat your oven to 375F.Combine both wet and dry ingredients and beat till the mixture is smooth.Grease your baking pans with some oil and pour in mixture into baking pans (this recipe makes enough for two loaves). Top it with the chocolate chips and coconut flakes.Place in the oven and bake for 30-35 minutes.Serve warm with tea or coffee,"Chocolate Coconut Banana Bread might be just the breakfast you are searching for. This recipe makes 20 servings with 320 calories, 4g of protein, and ",,,"morning meal, dessert, brunch, breakfast",https://img.spoonacular.com/recipes/716379-556x370.jpg,https://www.afrolems.com/2015/05/28/chocolate-banana-bread/
639594,Classic Eggs Benedict,Classic vajcia Benedict,,,,ranajky,45,4,198,14,14,9,1,"1 package Knorr Hollandaise Sauce, prepared according to package directions (or see notes in About section for a homemade version); 4 Slices Canadian Bacon or ham; 2 English Muffins; 1/2 teaspoon white vinegar (optional); 4 Eggs",knorr hollandaise sauce (1 package); canadian bacon (4 Slices); muffins (2 ); vinegar (0.5 teaspoon); vajcia (4 ),"Prepare Knorr Hollandaise Sauce according to package instructions.
Brown Canadian Bacon in a frying pan and toast English muffins. While bacon is cooking, poach the eggs.
Fill a medium sized sauce pan half way with water. Add 1/2 teaspoon of white vinegar (this is optional but the vinegar helps hold the egg together). Bring to a gentle boil and carefully add eggs (1-2 at a time works best). Poach eggs for 2-3 minutes or until yolk has set to your preference. Remove eggs one at a time with a slot","Classic Eggs Benedict might be just the breakfast you are searching for. This recipe serves 4. For 88 cents per serving, this recipe covers 9% of your",dairy free,,"morning meal, brunch, breakfast",https://img.spoonacular.com/recipes/639594-556x370.jpg,https://www.foodista.com/recipe/5VF7K8CP/eggs-benedict
649777,Lemon Scented Polenta Pancakes with Blueberry Thyme Syrup,Lemon Scented Polenta Pancakes with Blueberry Thyme Syrup,,,,ranajky,45,12,316,3,38,17,2,"1 cup all purpose flour; 1 teaspoon baking powder; 2 cups blueberries, fresh or frozen; 1 cup butter or margarine; 1/2 cup cornmeal; 1 egg; 3 sprigs fresh thyme; 1 1/2 tablespoons Honey",all purpose múka (1 cup); baking powder (1 teaspoon); blueberries (2 cups); maslo (1 cup); cornmeal (0.5 cup); egg (1 ); thyme (3 sprigs); honey (1.5 tablespoons),"Put the syrup, blueberries, and thyme springs, if using, into a small saucepan and bring to a boil. Reduce heat and simmer while you make the pancakes. Remove the thyme sprigs just before serving.In a medium saucepan, combine the cornmeal and cold water. Bring to a boil, whisking constantly. Simmer over medium heat until thickened, about 4 to 5 minutes.In a small bowl, beat together milk, egg, honey, and vanilla. Add to the polenta (boiled cornmeal).In a large bowl, whisk together flour, baking ","Lemon Scented Polenta Pancakes with Blueberry Thyme Syrup takes about 45 minutes from beginning to end. This breakfast has 316 calories, 3g of protein",,,"morning meal, brunch, breakfast",https://img.spoonacular.com/recipes/649777-556x370.jpg,https://www.foodista.com/recipe/2W6B6BRZ/lemon-scented-polenta-pancakes-with-blueberry-thyme-syrup
756814,Powerhouse Almond Matcha Superfood Smoothie,Powerhouse Almond Matcha Superfood Smoothie,,,,ranajky,10,2,281,10,34,13,7,"2 tablespoons unsalted natural almond butter; 1 1/2 cups unsweetened almond milk; 1 medium frozen banana; 2 teaspoons chia seeds; 1 cup baby kale, packed; 1/2 cup frozen mango pieces; 1 tablespoon matcha green tea powder; 3/4 cup frozen pineapple",natural almond maslo (2 tablespoons); almond mlieko (1.5 cups); banana (1 medium); chia seeds (2 teaspoons); baby kale (1 cup); mango pieces (0.5 cup); matcha tea powder (1 tablespoon); pineapple (0.75 cup),Combine all of the ingredients in a blender. Blend on high until smooth. Serve immediately.,"Powerhouse Almond Matcha Superfood Smoothie is a breakfast that serves 2. One serving contains 289 calories, 11g of protein, and 13g of fat. For $2.59","gluten free, dairy free",,"morning meal, brunch, beverage, breakfast, drink",https://img.spoonacular.com/recipes/756814-556x370.jpg,https://www.foodista.com/blog/2015/05/17/powehouse-almond-matcha-superfood-smoothie
660368,Smoked Salmon Eggs Benedict With Lemon Dill Hollandaise,Smoked Salmon vajcia Benedict With Lemon Dill Hollandaise,,,,ranajky,45,2,540,41,21,33,4,"1 cup baby arugula; 1 cup baby spinach; 2 tablespoons butter; 3 large egg yolks; 4 eggs, poached; 1 tablespoon fresh dill or 1 tsp. dried; 1 lemon; 2 slices thick multigrain bread",baby arugula (1 cup); baby spinach (1 cup); maslo (2 tablespoons); egg yolks (3 large); vajcia (4 ); dill (1 tablespoon); lemon (1 ); multigrain bread (2 slices),"Make Lemon Dill Hollandaise:Fill a medium saucepan about halfway with water, and bring to a gentle simmer over medium heat. Put the egg yolks and water in a heatproof bowl, season with a pinch of dill (if using dried), salt, and pepper. Whisk the ingredients together and then place the bowl on top of the saucepan. Keep stirring the egg mixture for about 5 minutes or until it begins to thicken. Make sure you dont scramble your eggs! Once the eggs are thickened, take the bowl off the water and set",Smoked Salmon Eggs Benedict With Lemon Dill Hollandaise could be just the pescatarian recipe you've been looking for. One serving contains 540 calorie,pescatarian,,"morning meal, brunch, breakfast",https://img.spoonacular.com/recipes/660368-556x370.jpg,https://www.foodista.com/recipe/MZTVJFS5/smoked-salmon-eggs-benedict-with-lemon-dill-hollandaise
776505,Sausage & Pepperoni Stromboli,Sausage & Pepperoni Stromboli,,,,obed,28,6,692,32,37,46,2,1 egg; 1 lb Italian sausage; 1 cup shredded Parmesan cheese; 1 package sliced pepperoni; 1 ball or roll of pizza dough (homemade is great but I used store-bought); 2 cups pizza sauce; 1 cup shredded mozzarella cheese,egg (1 ); sausage (1 lb); parmesan syr (1 cup); pepperoni (1 package); roll of pizza dough (1 ball); pizza sauce (2 cups); mozzarella syr (1 cup),Cook Italian sausage in a medium skillet until browned. Drain on paper towels and crumble into small pieces.Heat oven to 450 degrees.Place parchment paper on a baking pan and lightly flour. Roll dough out to form a large rectangle.Brush a thin layer of pizza sauce on dough. Layer on crumbled sausage then mozzarella cheese.Place pepperoni slices on top of cheese then sprinkle with 3/4 cup Parmesan cheese.Gently roll in short sides of dough to form a seal around filling.Starting on long side of do,"Sausage & Pepperoni Stromboli takes about 28 minutes from beginning to end. This recipe serves 6. One serving contains 692 calories, 32g of protein, a",,,"lunch, main course, main dish, dinner",https://img.spoonacular.com/recipes/776505-556x370.jpg,http://asouthern-soul.blogspot.com/2014/11/sausage-pepperoni-stromboli.html
715467,Turkey Pot Pie,Turkey Pot Pie,,,,obed,45,8,728,23,66,42,7,1 tsp black pepper; 2/3 cup butter; 1 cup chopped celery; 1/2 tsp celery seed; 1 3/4 cups chicken broth; 2/3 cups all-purpose flour; 1/2 tsp garlic powder; 2 (10oz) cans green beans,korenie (1 tsp); maslo (0.6666667 cup); celery (1 cup); celery seed (0.5 tsp); kurča broth (1.75 cups); múka (0.6666667 cups); cesnak powder (0.5 tsp); green beans (20 oz),"Step 1: Preheat oven to 425 degrees. Melt the butter and add the celeryand onion to a medium pot and saute over medium heat for about 8 minutes.Step 2: Stir in 2/3 cup flour, salt and pepper, celery seed, onion powder, garlic powder, and Italian seasoning. Slowly whisk in the chicken broth and milk, stirring constantly until the the mixture begins to thicken and then simmer lightly until thickened. Remove from heat and mix with the drained vegetables and turkey.Step 3: Fill two pie crusts with y","You can never have too many main course recipes, so give Turkey Pot Pie a try. This recipe serves 8 and costs $2.06 per serving. One serving contains ",,,"lunch, main course, main dish, dinner",https://img.spoonacular.com/recipes/715467-556x370.jpg,https://www.pinkwhen.com/turkey-pot-pie-recipe/
715419,Slow Cooker Spicy Hot Wings,Slow Cooker Spicy Hot Wings,,,,obed,14,4,384,23,28,20,0,½ cup brown sugar; 1 tsp cayenne pepper; 2 - 4 pounds regular chicken wings; 1 Tbsp crushed garlic; ½ cup Louisiana Hot sauce,brown cukor (0.5 cup); cayenne korenie (1 tsp); regular kurča wings (2 pounds); cesnak (1 Tbsp); louisiana hot sauce (0.5 cup),"Yes, these are called SPICY hot wings for a reason. I like adding the brown sugar to give them a little sweeter taste, but it is by far a delicious spicy recipe more than anything.To get started, mix the brown sugar, crushed garlic, hot sauce, and cayenne pepper into a medium mixing bowl. Mix well and then set aside.Take the cooking spray and spray the entire inside portion of the slow cooker AND also the wings. (Spraying the wings before you grill, bake, or cook chicken keeps the flavor and mak",Slow Cooker Spicy Hot Wings might be a good recipe to expand your hor d'oeuvre recipe box. This recipe serves 4 and costs $1.01 per serving. One porti,"gluten free, dairy free",American,"antipasti, lunch, main course, starter, snack, appetizer, main dish, antipasto, hor d'oeuvre, dinner",https://img.spoonacular.com/recipes/715419-556x370.jpg,https://www.pinkwhen.com/slow-cooker-spicy-hot-wings/
997285,Shrimp and Asparagus Foil Packs with Garlic Lemon Butter Sauce,Shrimp and Asparagus Foil Packs with cesnak Lemon maslo Sauce,,,,obed,45,4,327,37,6,18,3,1 lb medium thickness asparagus woody ends trimmed; 6 Tbsp butter diced into small cubes; 3 Tbsp dry white wine or chicken broth; 2 Tbsp chopped fresh parsley; 4 tsp minced garlic; 1 1/2 Tbsp fresh lemon juice; 2 tsp lemon zest; Salt and freshly ground black pepper,asparagus (1 lb); maslo (6 Tbsp); kurča broth (3 Tbsp); fresh parsley (2 Tbsp); cesnak (4 tsp); lemon juice (1.5 Tbsp); lemon zest (2 tsp); soľ and korenie (4 servings),"Preheat a grill to medium-high heat (about 400 - 425 degrees). Cut 4 sheets of 14 by 12-inch heavy duty aluminum foil then lay each piece separately on countertop.
Divide shrimp among packets near center then place asparagus to one side of the shrimp (going the long direction of the foil). Pour 1/2 Tbsp white wine over each. Sprinkle over garlic (1 tsp per packet) and lemon zest then season with salt and pepper. Divide butter pieces evenly among packets layering them over the shrimp and asparagu","Shrimp and Asparagus Foil Packs with Garlic Lemon Butter Sauce is a main course that serves 4. One serving contains 353 calories, 38g of protein, and ","gluten free, primal, pescatarian",,"lunch, main course, main dish, dinner",https://img.spoonacular.com/recipes/997285-556x370.jpg,http://eat-sleep-recipes-repeat.blogspot.com/2017/07/shrimp-and-asparagus-foil-packs-with.html?m=1
715421,Cheesy Chicken Enchilada Quinoa Casserole,Cheesy kurča Enchilada Quinoa Casserole,,,,obed,30,4,594,34,68,24,18,1 small Avocado (chopped); ½ tsp black pepper; 1 (15oz) can of black beans (I like the low sodium version); 1 (10oz) can of tomatoes with green chilis; ½ tsp chili powder; 1 cup cooked quinoa; ½ tsp cumin; 1 (10oz) can of verde enchilada sauce,avocado (1 small); korenie (0.5 tsp); black beans (15 oz); canned tomatoes (10 oz); chili powder (0.5 tsp); quinoa (1 cup); cumin (0.5 tsp); verde enchilada sauce (10 oz),"To get started, heat your oven to 350 and prepare an 8x8 baking dish. Cook the quinoa according to the instructions. If you haven't already, boil and shred your chicken breast.In a medium sized mixing bowl add 2 Tbsp cilantro, 1 cup shredded cheese, quinoa, tomatoes with chilis, black beans, half of the can of sweet corn, verde enchilada sauce, cumin, chili powder, white pepper, black pepper, and salt to taste. Mix everything well, and then pour into the 8 x8 baking dish. Cover with the last cup","Cheesy Chicken Enchilada Quinoa Casserole might be just the Mexican recipe you are searching for. One serving contains 594 calories, 34g of protein, a",gluten free,Mexican,"side dish, lunch, main course, main dish, dinner",https://img.spoonacular.com/recipes/715421-556x370.jpg,https://www.pinkwhen.com/cheesy-chicken-enchilada-quinoa-casserole/
715394,Chicken Enchilada Casserole,kurča Enchilada Casserole,,,,obed,45,8,325,26,26,12,5,2 10oz cans verde enchilada sauce; 2 cups shredded cheese; 1 lb shredded chicken pre cooked; 1 10oz can tomatoes with green chilis; 1 15oz can refried beans; 6-8 flour tortillas torn into bite sized pieces; green onion tops optional,verde enchilada sauce (20 oz); syr (2 cups); kurča pre (1 lb); canned tomatoes (10 oz); refried beans (15 oz); múka tortillas torn into bite sized pieces (6 ); green cibuľa tops optional (8 servings),"Instructions

Heat oven to 375. Prepare a 9 x 13 baking dish and begin by placing a layer of tortillas on the bottom of the dish.

Then add a layer of chicken and 1/4 a cup of the shredded cheese.

Add on half a can of tomatoes and green chilies and one can of the verde enchilada sauce.

Finish the layer with a half a can of the refried beans.

Then cover with another layer of flour tortilla pieces, and start the layering process again.

Once you are finished layering, cover the top with the rem","Chicken Enchilada Casserole might be just the main course you are searching for. This recipe makes 8 servings with 325 calories, 26g of protein, and 1",,Mexican,"side dish, lunch, main course, main dish, dinner",https://img.spoonacular.com/recipes/715394-556x370.jpg,https://www.pinkwhen.com/chicken-enchilada-casserole-recipe/
715562,Loaded Baked Potato Soup,Loaded Baked zemiak Soup,,,,obed,60,8,624,21,59,35,3,bacon bits; 8 medium baking potatoes (peeled and cubed); ½ cup butter; ½ cup flour; 8 cups milk; salt and pepper to taste; 2 cups shredded cheddar cheese; 8 oz. container of sour cream,bacon bits (8 servings); baking potatoes (8 medium); maslo (0.5 cup); múka (0.5 cup); mlieko (8 cups); soľ and korenie (8 servings); cheddar syr (2 cups); cream (8 oz),"Place a large pot of water on the stove and add in the peeled and cubed potatoes. Get the water up to a boil, and then boil for 20 minutes, or until potatoes are cooked. Remove from heat and drain water. Place to the side.In a medium pot over medium-high heat melt butter and sautee onion for 6 minutes. Add in the flour and using a whisk, mix well for 30 seconds to one minute.Gradually start whisking in the milk, about ½ cup to a cup at a time, constantly stirring. You want to keep whisking and a",Loaded Baked Potato Soup might be just the main course you are searching for. This recipe serves 8. One portion of this dish contains about 21g of pro,,,"lunch, soup, main course, main dish, dinner",https://img.spoonacular.com/recipes/715562-556x370.jpg,https://www.pinkwhen.com/loaded-baked-potato-soup/
715521,Turkey Avocado BLT Salad,Turkey Avocado BLT Salad,,,,obed,45,2,383,20,12,30,7,"1 small Avocado (sliced); 1 tsp Cilantro; 1 small Roma tomato (chopped); Mixed Green Salad leaves; (2 pieces) center cut bacon, cooked and chopped; 1/2 cup Turkey breast",avocado (1 small); cilantro (1 tsp); roma rajčina (1 small); salad leaves (2 servings); center cut bacon (2 ); turkey breast (0.5 cup),,"Need a gluten free, dairy free, paleolithic, and primal main course? Turkey Avocado BLT Salad could be an awesome recipe to try. One serving contains ","gluten free, dairy free, paleolithic, primal, whole 30, ketogenic",,"side dish, lunch, main course, salad, main dish, dinner",https://img.spoonacular.com/recipes/715521-556x370.jpg,https://www.pinkwhen.com/turkey-avocado-blt-salad-recipe/
715545,How to Make the Best Chicken Jambalaya,How to Make the Best kurča Jambalaya,,,,obed,55,8,450,26,38,21,3,▢ 2 tbsp unsalted butter; ▢ 1 lb sliced sausage; ▢ 1 lb boneless skinless chicken breasts cut into bite sized pieces; ▢ 1 cup yellow onion chopped; ▢ 1 cup celery chopped; ▢ 1/2 cup bell pepper chopped; ▢ 1 tbsp minced garlic; ▢ 1 cup tomato sauce,▢ maslo (2 tbsp); ▢ sausage (1 lb); ▢ kurča breasts (1 lb); ▢ cibuľa (1 cup); ▢ celery (1 cup); ▢ bell korenie (0.5 cup); ▢ cesnak (1 tbsp); ▢ rajčina sauce (1 cup),"Instructions

Combine the creole seasoning ingredients in a small bowl and set aside.

Melt butter in a large dutch oven over medium-high heat.

Add the sausage until it starts to brown, about 3 minutes.

Add the chicken and continue to cook until brown, about 3-5 minutes. Stir frequently.

Turn the stove top down to medium heat.

Preheat your oven to 350 degrees.

Stir in the seasoning mix of cajun spices and 1/2 of the chopped onion, celery, green bell pepper, and garlic. Cook until vegetables","You can never have too many Cajun recipes, so give How to Make the Best Chicken Jambalayan a try. This main course has 450 calories, 26g of protein, a",gluten free,"Cajun, Creole","lunch, main course, main dish, dinner",https://img.spoonacular.com/recipes/715545-556x370.jpg,https://www.pinkwhen.com/chicken-and-sausage-jambalaya/
715415,Red Lentil Soup with Chicken and Turnips,Red Lentil Soup with kurča and Turnips,,,,obed,55,8,477,27,52,20,24,"additional toppings: diced avocado, micro greens, chopped basil); 3 medium carrots, peeled and diced; 3 celery stalks, diced; 2 cups fully-cooked chicken breast, shredded (may be omitted for a vegetarian version); ½ cup flat leaf Italian parsley, chopped (plus extra for garnish); 6 cloves of garlic, finely minced; 2 tablespoons olive oil; 28 ounce-can plum tomatoes, drained and rinsed, chopped",additional toppings: avocado (8 servings); carrots (3 medium); celery stalks (3 ); kurča breast (2 cups); flat leaf parsley (0.5 cup); cesnak (6 cloves); olive olej (2 tablespoons); canned tomatoes (28 ounce),"To a large dutch oven or soup pot, heat the olive oil over medium heat. Add the onion, carrots and celery and cook for 8-10 minutes or until tender, stirring occasionally. Add the garlic and cook for an additional 2 minutes, or until fragrant. Season conservatively with a pinch of salt and black pepper.To the pot, add the tomatoes, turnip and red lentils. Stir to combine. Stir in the vegetable stock and increase the heat on the stove to high. Bring the soup to a boil and then reduce to a simmer.",Red Lentil Soup with Chicken and Turnips might be a good recipe to expand your main course repertoire. This recipe serves 8 and costs $3.0 per serving,"gluten free, dairy free",,"lunch, soup, main course, main dish, dinner",https://img.spoonacular.com/recipes/715415-556x370.jpg,https://www.pinkwhen.com/red-lentil-soup-with-chicken-and-turnips/
715397,Cheesy Chicken and Rice Casserole,Cheesy kurča and ryža Casserole,,,,obed,60,6,464,31,21,28,1,2 grilled chicken breasts; 2 cups rice (cooked); 1 8oz package cream cheese; 1 10oz. can cream of mushroom soup; 1 medium green pepper; 1½ cup shredded Monterrey Jack cheese; ½ red onion; Salt and pepper to taste,grilled kurča breasts (2 ); ryža (2 cups); cream syr (8 oz); cream of mushroom soup (10 oz); bell korenie (1 medium); monterrey jack syr (1.5 cup); cibuľa (0.5 ); soľ and korenie (6 servings),"Heat your oven to 350.Take your 2 grilled chicken breasts and allow them to slightly cool. Shred chicken breasts and place to the side in a mixing bowl.Finely chop your pepper and onion and saut in 2 Tbsp Country Crock for 5 minutes until soft.Add cream cheese into the onion and pepper and mix well.Pour into the large bowl with chicken. Mix in rice, hot sauce, cream of mushroom soup,  cup Monterrey Jack cheese, and salt and pepper. Mix well.Pour mixture in a 9 x 13 dish, and cover with remaining","Cheesy Chicken and Rice Casserole might be just the main course you are searching for. This recipe makes 6 servings with 464 calories, 31g of protein,",gluten free,,"side dish, lunch, main course, main dish, dinner",https://img.spoonacular.com/recipes/715397-556x370.jpg,https://www.pinkwhen.com/cheesy-chicken-and-rice-casserole-bake/
715523,Chorizo and Beef Quinoa Stuffed Pepper,Chorizo and hovädzie Quinoa Stuffed korenie,,,,obed,30,4,685,51,33,37,5,bell peppers; ½ tsp cayenne; ¼ tsp chili powder; 1 pound chorizo; ¼ tsp cumin; green onion tops; ¼ cup mixed monterrey jack and cheddar cheese; 1 pound lean ground beef,bell peppers (4 servings); cayenne (0.5 tsp); chili powder (0.25 tsp); chorizo (1 pound); cumin (0.25 tsp); green cibuľa tops (4 servings); monterrey jack and cheddar syr (0.25 cup); ground hovädzie (1 pound),"The first thing you will want to do is heat the oven to 350, boil the water for the quinoa, and in a separate skillet brown the beef and chorizo together. Drain the meat mixture well, and then place into a medium mixing bowl.Once your quinoa is fully cooked, add it to the mixing bowl. Add the green onion tops, cumin, cayenne, chili powder, and monterrey jack and cheddar cheese. Mix well.Cut the tops from your bell peppers and scoop out any remaining seeds.Then take your meat mixture and start st","Chorizo and Beef Quinoa Stuffed Pepper is a gluten free main course. One portion of this dish contains approximately 51g of protein, 37g of fat, and a",gluten free,,"lunch, main course, main dish, dinner",https://img.spoonacular.com/recipes/715523-556x370.jpg,https://www.pinkwhen.com/chorizo-and-beef-quinoa-stuffed-pepper-recipe/
735820,Crock-Pot: Asian-Style Country Ribs with Black Bean Garlic Sauce,Crock-Pot: Asian-Style Country Ribs with Black Bean cesnak Sauce,,,,obed,45,4,732,39,11,58,1,3 tablespoons prepared black bean garlic sauce from a jar (i.e. Lee Kum Kee); 1/4 cup mirin or chicken stock; 1 tablespoon cornstarch; Asian-Style Country Ribs with Black Bean Garlic Sauce; 2 teaspoons dark sesame oil; 1 tablespoon coarsely chopped fresh garlic; 1 tablespoon freshly grated ginger root; 1 tablespoon honey,black bean cesnak sauce from a jar (3 tablespoons); kurča stock (0.25 cup); cornstarch (1 tablespoon); country (4 servings); sesame olej (2 teaspoons); cesnak (1 tablespoon); ginger root (1 tablespoon); honey (1 tablespoon),"This crock-pot entre is really, really good. It takes 10 minutes to prepare, is made from ingredients that are readily available and is a bargain when you consider the number of servings it provides.  One caution -  you'll have mush with  Asian flavor if you cook this for more than 5 to 6 hours. The recipe is adapted from ""Slow Cooker Recipes for All Occasions"",  a Rival Crock-Pot publication.  Served with rice and snow peas you have the makings of a minor feast that you'll repeat often. My fami",Crock-Pot: Asian-Style Country Ribs with Black Bean Garlic Sauce could be just the dairy free and ketogenic recipe you've been looking for. One servin,"dairy free, ketogenic",Asian,"lunch, main course, main dish, dinner",https://img.spoonacular.com/recipes/735820-556x370.jpg,http://oneperfectbite.blogspot.com/2008/10/crock-pot-asian-style-country-ribs-with.html
716430,Roasted Cabbage Wedge Salad with Yogurt Gorgonzola Dressing,Roasted Cabbage Wedge Salad with Yogurt Gorgonzola Dressing,,,,obed,45,4,201,13,11,12,3,"2 strips bacon (optional); 1 clove garlic, minced; 2/3c crumbled Gorgonzola* (or other blue cheese); 1/2 cup chopped grape tomatoes; 1 tsp extra virgin olive oil or grapeseed oil; 1/2 head green cabbage, tough outer leaves removed; juice of 1/2 lemon; 1 cup plain Greek yogurt",bacon (2 strips); cesnak (1 clove); gorgonzola (0.6666667 c); grape tomatoes (0.5 cup); grapeseed olej (1 tsp); cabbage (0.5 head); juice of lemon (0.5 ); greek yogurt (1 cup),,"You can never have too many main course recipes, so give Roasted Cabbage Wedge Salad with Yogurt Gorgonzola Dressing a try. This recipe makes 4 servin","gluten free, primal",,"side dish, lunch, main course, salad, main dish, dinner",https://img.spoonacular.com/recipes/716430-556x370.jpg,https://fullbellysisters.blogspot.com/2012/03/roasted-cabbage-wedge-salad-with-yogurt.html
716627,Easy Homemade Rice and Beans,Easy Homemade ryža and Beans,,,,obed,35,2,446,19,86,4,19,"1 15-ounce can black beans, not drained; 1 10-ounce can Rotel tomatoes with diced green chilies, not drained; 2 tsp chili powder; 1/2 tsp cumin; 1/4 tsp ground black pepper; optional: 4-5 dashes of hot sauce; 1 tsp olive oil; 1/4 cup onion, chopped",black beans (15 ounce); canned tomatoes (10 ounce); chili powder (2 tsp); cumin (0.5 tsp); ground korenie (0.25 tsp); optional: of hot sauce (4 dashes); olive olej (1 tsp); cibuľa (0.25 cup),"Heat the olive oil in a large pot over medium heat. Add onions and saute until soft, or for about 5 minutes. Add all other remaining ingredients and stir together. Increase the heat to medium high and bring to a boil. Cover and reduce heat to medium low so that the mixture simmers. Cook for 15-20 minutes, or until rice is fluffy and liquid is absorbed.* Serve with salsa, cheese, and sour cream.","Easy Homemade Rice and Beans is a main course that serves 2. One serving contains 446 calories, 19g of protein, and 4g of fat. For $1.06 per serving, ","gluten free, dairy free, lacto ovo vegetarian, vegan",,"side dish, lunch, main course, main dish, dinner",https://img.spoonacular.com/recipes/716627-556x370.jpg,http://cooking2perfection.blogspot.com/2012/11/easy-homemade-rice-and-beans.html
776505,Sausage & Pepperoni Stromboli,Sausage & Pepperoni Stromboli,,,,vecera,28,6,692,32,37,46,2,1 egg; 1 lb Italian sausage; 1 cup shredded Parmesan cheese; 1 package sliced pepperoni; 1 ball or roll of pizza dough (homemade is great but I used store-bought); 2 cups pizza sauce; 1 cup shredded mozzarella cheese,egg (1 ); sausage (1 lb); parmesan syr (1 cup); pepperoni (1 package); roll of pizza dough (1 ball); pizza sauce (2 cups); mozzarella syr (1 cup),Cook Italian sausage in a medium skillet until browned. Drain on paper towels and crumble into small pieces.Heat oven to 450 degrees.Place parchment paper on a baking pan and lightly flour. Roll dough out to form a large rectangle.Brush a thin layer of pizza sauce on dough. Layer on crumbled sausage then mozzarella cheese.Place pepperoni slices on top of cheese then sprinkle with 3/4 cup Parmesan cheese.Gently roll in short sides of dough to form a seal around filling.Starting on long side of do,"Sausage & Pepperoni Stromboli takes about 28 minutes from beginning to end. This recipe serves 6. One serving contains 692 calories, 32g of protein, a",,,"lunch, main course, main dish, dinner",https://img.spoonacular.com/recipes/776505-556x370.jpg,http://asouthern-soul.blogspot.com/2014/11/sausage-pepperoni-stromboli.html
715467,Turkey Pot Pie,Turkey Pot Pie,,,,vecera,45,8,728,23,66,42,7,1 tsp black pepper; 2/3 cup butter; 1 cup chopped celery; 1/2 tsp celery seed; 1 3/4 cups chicken broth; 2/3 cups all-purpose flour; 1/2 tsp garlic powder; 2 (10oz) cans green beans,korenie (1 tsp); maslo (0.6666667 cup); celery (1 cup); celery seed (0.5 tsp); kurča broth (1.75 cups); múka (0.6666667 cups); cesnak powder (0.5 tsp); green beans (20 oz),"Step 1: Preheat oven to 425 degrees. Melt the butter and add the celeryand onion to a medium pot and saute over medium heat for about 8 minutes.Step 2: Stir in 2/3 cup flour, salt and pepper, celery seed, onion powder, garlic powder, and Italian seasoning. Slowly whisk in the chicken broth and milk, stirring constantly until the the mixture begins to thicken and then simmer lightly until thickened. Remove from heat and mix with the drained vegetables and turkey.Step 3: Fill two pie crusts with y","You can never have too many main course recipes, so give Turkey Pot Pie a try. This recipe serves 8 and costs $2.06 per serving. One serving contains ",,,"lunch, main course, main dish, dinner",https://img.spoonacular.com/recipes/715467-556x370.jpg,https://www.pinkwhen.com/turkey-pot-pie-recipe/
715419,Slow Cooker Spicy Hot Wings,Slow Cooker Spicy Hot Wings,,,,vecera,14,4,384,23,28,20,0,½ cup brown sugar; 1 tsp cayenne pepper; 2 - 4 pounds regular chicken wings; 1 Tbsp crushed garlic; ½ cup Louisiana Hot sauce,brown cukor (0.5 cup); cayenne korenie (1 tsp); regular kurča wings (2 pounds); cesnak (1 Tbsp); louisiana hot sauce (0.5 cup),"Yes, these are called SPICY hot wings for a reason. I like adding the brown sugar to give them a little sweeter taste, but it is by far a delicious spicy recipe more than anything.To get started, mix the brown sugar, crushed garlic, hot sauce, and cayenne pepper into a medium mixing bowl. Mix well and then set aside.Take the cooking spray and spray the entire inside portion of the slow cooker AND also the wings. (Spraying the wings before you grill, bake, or cook chicken keeps the flavor and mak",Slow Cooker Spicy Hot Wings might be a good recipe to expand your hor d'oeuvre recipe box. This recipe serves 4 and costs $1.01 per serving. One porti,"gluten free, dairy free",American,"antipasti, lunch, main course, starter, snack, appetizer, main dish, antipasto, hor d'oeuvre, dinner",https://img.spoonacular.com/recipes/715419-556x370.jpg,https://www.pinkwhen.com/slow-cooker-spicy-hot-wings/
997285,Shrimp and Asparagus Foil Packs with Garlic Lemon Butter Sauce,Shrimp and Asparagus Foil Packs with cesnak Lemon maslo Sauce,,,,vecera,45,4,327,37,6,18,3,1 lb medium thickness asparagus woody ends trimmed; 6 Tbsp butter diced into small cubes; 3 Tbsp dry white wine or chicken broth; 2 Tbsp chopped fresh parsley; 4 tsp minced garlic; 1 1/2 Tbsp fresh lemon juice; 2 tsp lemon zest; Salt and freshly ground black pepper,asparagus (1 lb); maslo (6 Tbsp); kurča broth (3 Tbsp); fresh parsley (2 Tbsp); cesnak (4 tsp); lemon juice (1.5 Tbsp); lemon zest (2 tsp); soľ and korenie (4 servings),"Preheat a grill to medium-high heat (about 400 - 425 degrees). Cut 4 sheets of 14 by 12-inch heavy duty aluminum foil then lay each piece separately on countertop.
Divide shrimp among packets near center then place asparagus to one side of the shrimp (going the long direction of the foil). Pour 1/2 Tbsp white wine over each. Sprinkle over garlic (1 tsp per packet) and lemon zest then season with salt and pepper. Divide butter pieces evenly among packets layering them over the shrimp and asparagu","Shrimp and Asparagus Foil Packs with Garlic Lemon Butter Sauce is a main course that serves 4. One serving contains 353 calories, 38g of protein, and ","gluten free, primal, pescatarian",,"lunch, main course, main dish, dinner",https://img.spoonacular.com/recipes/997285-556x370.jpg,http://eat-sleep-recipes-repeat.blogspot.com/2017/07/shrimp-and-asparagus-foil-packs-with.html?m=1
715421,Cheesy Chicken Enchilada Quinoa Casserole,Cheesy kurča Enchilada Quinoa Casserole,,,,vecera,30,4,594,34,68,24,18,1 small Avocado (chopped); ½ tsp black pepper; 1 (15oz) can of black beans (I like the low sodium version); 1 (10oz) can of tomatoes with green chilis; ½ tsp chili powder; 1 cup cooked quinoa; ½ tsp cumin; 1 (10oz) can of verde enchilada sauce,avocado (1 small); korenie (0.5 tsp); black beans (15 oz); canned tomatoes (10 oz); chili powder (0.5 tsp); quinoa (1 cup); cumin (0.5 tsp); verde enchilada sauce (10 oz),"To get started, heat your oven to 350 and prepare an 8x8 baking dish. Cook the quinoa according to the instructions. If you haven't already, boil and shred your chicken breast.In a medium sized mixing bowl add 2 Tbsp cilantro, 1 cup shredded cheese, quinoa, tomatoes with chilis, black beans, half of the can of sweet corn, verde enchilada sauce, cumin, chili powder, white pepper, black pepper, and salt to taste. Mix everything well, and then pour into the 8 x8 baking dish. Cover with the last cup","Cheesy Chicken Enchilada Quinoa Casserole might be just the Mexican recipe you are searching for. One serving contains 594 calories, 34g of protein, a",gluten free,Mexican,"side dish, lunch, main course, main dish, dinner",https://img.spoonacular.com/recipes/715421-556x370.jpg,https://www.pinkwhen.com/cheesy-chicken-enchilada-quinoa-casserole/
715394,Chicken Enchilada Casserole,kurča Enchilada Casserole,,,,vecera,45,8,325,26,26,12,5,2 10oz cans verde enchilada sauce; 2 cups shredded cheese; 1 lb shredded chicken pre cooked; 1 10oz can tomatoes with green chilis; 1 15oz can refried beans; 6-8 flour tortillas torn into bite sized pieces; green onion tops optional,verde enchilada sauce (20 oz); syr (2 cups); kurča pre (1 lb); canned tomatoes (10 oz); refried beans (15 oz); múka tortillas torn into bite sized pieces (6 ); green cibuľa tops optional (8 servings),"Instructions

Heat oven to 375. Prepare a 9 x 13 baking dish and begin by placing a layer of tortillas on the bottom of the dish.

Then add a layer of chicken and 1/4 a cup of the shredded cheese.

Add on half a can of tomatoes and green chilies and one can of the verde enchilada sauce.

Finish the layer with a half a can of the refried beans.

Then cover with another layer of flour tortilla pieces, and start the layering process again.

Once you are finished layering, cover the top with the rem","Chicken Enchilada Casserole might be just the main course you are searching for. This recipe makes 8 servings with 325 calories, 26g of protein, and 1",,Mexican,"side dish, lunch, main course, main dish, dinner",https://img.spoonacular.com/recipes/715394-556x370.jpg,https://www.pinkwhen.com/chicken-enchilada-casserole-recipe/